{"cameraMode":{"drawMode":0,"name":"Shaded","section":"Shading Mode"},"sceneLighting":false,"audioPlay":false,"sceneViewState":{"m_AlwaysRefresh":false,"showFog":false,"showSkybox":false,"showFlares":false,"showImageEffects":false,"showParticleSystems":false,"showVisualEffectGraphs":true,"m_FxEnabled":true},"in2DMode":false,"pivot":{"x":0.3771447539329529,"y":-0.09795447438955307,"z":0.11787066608667374},"rotation":{"x":-0.04617064446210861,"y":-0.6537163257598877,"z":0.040109116584062579,"w":-0.7540060877799988},"size":0.48783689737319949,"orthographic":false}