{"cameraMode":{"drawMode":0,"name":"Shaded","section":"Shading Mode"},"sceneLighting":false,"audioPlay":false,"sceneViewState":{"m_AlwaysRefresh":false,"showFog":false,"showSkybox":false,"showFlares":false,"showImageEffects":false,"showParticleSystems":false,"showVisualEffectGraphs":true,"m_FxEnabled":true},"in2DMode":false,"pivot":{"x":4.050617694854736,"y":0.6849677562713623,"z":-0.1845528781414032},"rotation":{"x":-0.05052374303340912,"y":0.7016165852546692,"z":-0.04994088411331177,"w":-0.7088017463684082},"size":0.007395029067993164,"orthographic":false}